{"cameraMode":{"drawMode":0,"name":"Shaded","section":"Shading Mode"},"sceneLighting":false,"audioPlay":false,"sceneViewState":{"m_AlwaysRefresh":false,"showFog":true,"showSkybox":false,"showFlares":true,"showImageEffects":true,"showParticleSystems":true,"showVisualEffectGraphs":true,"m_FxEnabled":true},"in2DMode":false,"pivot":{"x":-0.0843958854675293,"y":1.7107197046279908,"z":0.27344608306884768},"rotation":{"x":0.08186258375644684,"y":-0.14091706275939942,"z":0.011872638948261738,"w":0.9866104125976563},"size":10.790008544921875,"orthographic":false}