{"cameraMode":{"drawMode":0,"name":"Shaded","section":"Shading Mode"},"sceneLighting":false,"audioPlay":false,"sceneViewState":{"m_AlwaysRefresh":false,"showFog":true,"showSkybox":false,"showFlares":true,"showImageEffects":true,"showParticleSystems":true,"showVisualEffectGraphs":true,"m_FxEnabled":true},"in2DMode":false,"pivot":{"x":1.9843242168426514,"y":0.7946595549583435,"z":4.607282638549805},"rotation":{"x":-0.072177454829216,"y":0.043657585978507999,"z":-0.0032277696300297977,"w":-0.9964660406112671},"size":0.8660253882408142,"orthographic":false}