{"cameraMode":{"drawMode":0,"name":"Shaded","section":"Shading Mode"},"sceneLighting":false,"audioPlay":false,"sceneViewState":{"m_AlwaysRefresh":false,"showFog":true,"showSkybox":false,"showFlares":true,"showImageEffects":true,"showParticleSystems":true,"showVisualEffectGraphs":true,"m_FxEnabled":true},"in2DMode":false,"pivot":{"x":3.7201790809631349,"y":1.5687962770462037,"z":3.848705768585205},"rotation":{"x":-0.034469909965991977,"y":0.6745190024375916,"z":-0.031646888703107837,"w":-0.7368162870407105},"size":0.8660253882408142,"orthographic":false}