{"cameraMode":{"drawMode":0,"name":"Shaded","section":"Shading Mode"},"sceneLighting":false,"audioPlay":false,"sceneViewState":{"m_AlwaysRefresh":false,"showFog":true,"showSkybox":false,"showFlares":true,"showImageEffects":true,"showParticleSystems":true,"showVisualEffectGraphs":true,"m_FxEnabled":true},"in2DMode":false,"pivot":{"x":0.0005304515361785889,"y":0.521528422832489,"z":-0.0020460039377212526},"rotation":{"x":-0.01652456447482109,"y":0.17339137196540833,"z":-0.0030860903207212688,"w":-0.9847602248191834},"size":0.72640460729599,"orthographic":false}