{"cameraMode":{"drawMode":0,"name":"Shaded","section":"Shading Mode"},"sceneLighting":false,"audioPlay":false,"sceneViewState":{"m_AlwaysRefresh":false,"showFog":true,"showSkybox":false,"showFlares":true,"showImageEffects":true,"showParticleSystems":true,"showVisualEffectGraphs":true,"m_FxEnabled":true},"in2DMode":false,"pivot":{"x":3.4279510974884035,"y":1.7647924423217774,"z":9.835111618041993},"rotation":{"x":0.004607918206602335,"y":0.9940007328987122,"z":-0.04625443369150162,"w":0.09902750700712204},"size":0.8660255670547485,"orthographic":false}