{"cameraMode":{"drawMode":0,"name":"Shaded","section":"Shading Mode"},"sceneLighting":false,"audioPlay":false,"sceneViewState":{"m_AlwaysRefresh":false,"showFog":true,"showSkybox":false,"showFlares":true,"showImageEffects":true,"showParticleSystems":true,"showVisualEffectGraphs":true,"m_FxEnabled":true},"in2DMode":false,"pivot":{"x":-0.2050313800573349,"y":1.2254548072814942,"z":-6.853343963623047},"rotation":{"x":0.00768831605091691,"y":0.7844141125679016,"z":-0.009614167734980584,"w":0.6201657056808472},"size":0.8660253882408142,"orthographic":false}