{"cameraMode":{"drawMode":0,"name":"Shaded","section":"Shading Mode"},"sceneLighting":false,"audioPlay":false,"sceneViewState":{"m_AlwaysRefresh":false,"showFog":true,"showSkybox":false,"showFlares":true,"showImageEffects":true,"showParticleSystems":true,"showVisualEffectGraphs":true,"m_FxEnabled":true},"in2DMode":false,"pivot":{"x":-0.6426761746406555,"y":0.3846772015094757,"z":-0.8459292054176331},"rotation":{"x":-0.010360979475080967,"y":-0.30096814036369326,"z":0.003086918033659458,"w":-0.9536252617835999},"size":0.05000000074505806,"orthographic":false}